<?xml version="1.0" encoding="UTF-8"?>
<project-private xmlns="http://www.netbeans.org/ns/project-private/1">
    <editor-bookmarks xmlns="http://www.netbeans.org/ns/editor-bookmarks/2" lastBookmarkId="0"/>
    <open-files xmlns="http://www.netbeans.org/ns/projectui-open-files/2">
        <group>
            <file>file:/C:/Users/Janko/Documents/NetBeansProjects/SG/src/drivers/BattleshipGalatica.java</file>
            <file>file:/C:/Users/Janko/Documents/NetBeansProjects/SG/src/gui/BaseScene.java</file>
            <file>file:/C:/Users/Janko/Documents/NetBeansProjects/SG/src/logic/Game.java</file>
            <file>file:/C:/Users/Janko/Documents/NetBeansProjects/SG/src/handlers/BtnPlaceShipHandler.java</file>
            <file>file:/C:/Users/Janko/Documents/NetBeansProjects/SG/src/logic/AiPlayer.java</file>
            <file>file:/C:/Users/Janko/Documents/NetBeansProjects/SG/src/logic/ShipTeam.java</file>
            <file>file:/C:/Users/Janko/Documents/NetBeansProjects/SG/src/gui/SecondScene.java</file>
            <file>file:/C:/Users/Janko/Documents/NetBeansProjects/SG/src/gui/ThirdScene.java</file>
            <file>file:/C:/Users/Janko/Documents/NetBeansProjects/SG/src/handlers/BtnStartHandler.java</file>
            <file>file:/C:/Users/Janko/Documents/NetBeansProjects/SG/src/logic/Board.java</file>
        </group>
    </open-files>
</project-private>
